deviceCategory,sessions,conversions,conversionRate,bounceRate
desktop,188972,10419,5.3310503338581166,50.771316938437316
mobile,170407,8967,5.187551773729563,50.06456021020028
tablet,171172,8973,5.293055318956015,49.64617716774945
