pagePath,sessions,conversions,conversionRate,bounceRate
/checkout,70410,3889,5.417759841150122,49.43960909527042
/cart,71558,4033,5.388193849152708,52.00014782377423
/home,73960,3940,5.368814183506481,50.03077732898764
/contact,73743,3977,5.304090551364977,50.42339432675801
/blog,73956,3857,5.268538076928564,49.33034516114933
/about,86384,4557,5.260845017245136,51.9419896057416
/product,80540,4106,4.915822881484384,48.05087759601773
