sourceMedium,sessions,conversions,conversionRate,bounceRate
facebook / cpc,125421,7163,5.468212125061291,49.952373097316304
email / newsletter,136368,7130,5.23663518750279,50.00832060912701
google / organic,124023,6572,5.2062343702196445,51.28813631899932
direct / none,144739,7494,5.189920653219257,49.57555640780382
